{
    "K": [
        [
            331.4409513096866,
            -0.461315681773252,
            447.93654664881944
        ],
        [
            0.0,
            330.6714731075486,
            326.1986028415548
        ],
        [
            0.0,
            0.0,
            1.0
        ]
    ],
    "D": [
        [
            0.6635421082117942
        ],
        [
            -0.25824058076506456
        ],
        [
            -0.1732249316050442
        ],
        [
            0.14062245015070174
        ]
    ],
    "image_size": [
        960,
        720
    ]
}