{
    "K": [
        [
            312.40107456,
            0.0,
            454.13656046
        ],
        [
            0.0,
            312.70178207,
            331.2299262
        ],
        [
            0.0,
            0.0,
            1.0
        ]
    ],
    "D": [
        [
            0.61157086
        ],
        [
            0.03761336
        ],
        [
            -0.34076918
        ],
        [
            0.1380889
        ]
    ],
    "image_size": [
        960,
        720
    ]
}
